<?xml version="1.0" encoding="UTF-8" ?>
<!DOCTYPE mapper
        PUBLIC "-//mybatis.org//DTD Mapper 3.0//EN"
        "http://mybatis.org/dtd/mybatis-3-mapper.dtd">
<mapper namespace="cn.mapper.CustomerMapper">
    <resultMap id="baseMap" type="cn.domain.Customer">
        <id column="id" property="id"></id>
        <result column="name" property="name"></result>
        <result column="age" property="age"></result>
        <result column="gender" property="gender"></result>
        <result column="tel" property="tel"></result>
        <result column="qq" property="qq"></result>
        <result column="status" property="status"></result>
        <association property="job" javaType="cn.domain.Dictionaryitem">
            <id column="id" property="id"></id>
            <result column="parent_id" property="parent_id"></result>
            <result column="title1" property="title"></result>
            <result column="sequence" property="sequence"></result>
        </association>
        <association property="source" javaType="cn.domain.Dictionaryitem">
            <id column="id" property="id"></id>
            <result column="parent_id" property="parent_id"></result>
            <result column="title2" property="title"></result>
            <result column="sequence" property="sequence"></result>
        </association>
        <association property="seller" javaType="cn.domain.Employee">
            <id column="id" property="id"></id>
            <result column="name3" property="name"></result>
            <result column="password" property="password"></result>
            <result column="email" property="email"></result>
            <result column="age" property="age"></result>
            <result column="admin" property="admin"></result>
        </association>
    </resultMap>


    <select id="findAll" resultMap="baseMap">
        select c.*, s1.title title1 , s2.title title2 , e.name name3
        from customer c
        left join systemdictionaryitem s1 ON c.job_id = s1.id
        left join systemdictionaryitem s2 ON c.seller_id = s2.id
        left join employee e ON c.seller_id = e.id
        <where>
            <if test="keyword!=null and keyword !=''">
                and ( c.name like concat('%',#{keyword},'%') or c.tel like concat('%',#{keyword},'%') )
            </if>
            <if test="status!=-1">
                and c.status = #{status}
            </if>
            <if test="sellerId!=-1">
                and c.seller_id = #{sellerId}
            </if>
        </where>

    </select>

    <select id="findAll2" resultMap="baseMap">
        select c.*, s1.title title1 , s2.title title2 , e.name name3
        from customer c
        left join systemdictionaryitem s1 ON c.job_id = s1.id
        left join systemdictionaryitem s2 ON c.seller_id = s2.id
        left join employee e ON c.seller_id = e.id
        <where>
            <if test="keyword!=null and keyword !=''">
                and ( c.name like concat('%',#{keyword},'%') or c.tel like concat('%',#{keyword},'%') )
            </if>

                and c.status = 3

            <if test="sellerId!=-1">
                and c.seller_id = #{sellerId}
            </if>
        </where>
    </select>

    <select id="findAll3" resultMap="baseMap">
        select c.*, s1.title title1 , s2.title title2 , e.name name3
        from customer c
        left join systemdictionaryitem s1 ON c.job_id = s1.id
        left join systemdictionaryitem s2 ON c.seller_id = s2.id
        left join employee e ON c.seller_id = e.id
        <where>
            <if test="keyword!=null and keyword !=''">
                and ( c.name like concat('%',#{keyword},'%') or c.tel like concat('%',#{keyword},'%') )
            </if>

            and c.status = 1

            <if test="sellerId!=-1">
                and c.seller_id = #{sellerId}
            </if>
        </where>
    </select>

    <select id="findAll0" resultMap="baseMap">
        select c.*, s1.title title1 , s2.title title2 , e.name name3
        from customer c
        left join systemdictionaryitem s1 ON c.job_id = s1.id
        left join systemdictionaryitem s2 ON c.seller_id = s2.id
        left join employee e ON c.seller_id = e.id
        <where>
            <if test="keyword!=null and keyword !=''">
                and ( c.name like concat('%',#{keyword},'%') or c.tel like concat('%',#{keyword},'%') )
            </if>

            and c.status = #{sId}

            <if test="sellerId!=-1">
                and c.seller_id = #{sellerId}
            </if>
        </where>
    </select>

    <select id="findAll4" resultMap="baseMap">
        select c.*, s1.title title1 , s2.title title2 , e.name name3
        from customer c
        left join systemdictionaryitem s1 ON c.job_id = s1.id
        left join systemdictionaryitem s2 ON c.seller_id = s2.id
        left join employee e ON c.seller_id = e.id
        <where>
            <if test="keyword!=null and keyword !=''">
                and ( c.name like concat('%',#{keyword},'%') or c.tel like concat('%',#{keyword},'%') )
            </if>

            and c.status = 4

            <if test="sellerId!=-1">
                and c.seller_id = #{sellerId}
            </if>
        </where>
    </select>
</mapper>