<?xml version="1.0" encoding="UTF-8" ?>
<!DOCTYPE mapper
        PUBLIC "-//mybatis.org//DTD Mapper 3.0//EN"
        "http://mybatis.org/dtd/mybatis-3-mapper.dtd">
<mapper namespace="cn.mapper.DepartmentMapper">
    <select id="findAll" resultType="cn.domain.Department">
        select id,name,sn from department
    </select>

    <select id="listAll" resultType="cn.domain.Department">
        select id,name,sn from department
    </select>

    <delete id="deleteById" >
        delete from  department where id = #{id}
    </delete>

    <insert id="insert" keyProperty="id" useGeneratedKeys="true">
        insert  into department (name,sn) values(#{name},#{sn})
    </insert>

    <select id="seleteById" resultType="cn.domain.Department">
        select * from department where id=#{id}
    </select>

    <update id="updateByPrimaryKey" parameterType="cn.domain.Department">
        update department set name=#{name},sn=#{sn} where id=#{id}
    </update>


</mapper>