<?xml version="1.0" encoding="UTF-8" ?>
<!DOCTYPE mapper
        PUBLIC "-//mybatis.org//DTD Mapper 3.0//EN"
        "http://mybatis.org/dtd/mybatis-3-mapper.dtd">
<mapper namespace="cn.mapper.EmployeeMapper">
    <resultMap id="baseMap" type="cn.domain.Employee">
        <id column="id" property="id"></id>
        <result column="name" property="name"></result>
        <result column="password" property="password"></result>
        <result column="email" property="email"></result>
        <result column="age" property="age"></result>
        <result column="admin" property="admin"></result>
        <association property="dept" javaType="cn.domain.Department">
            <id column="d_id" property="id"></id>
            <result column="d_name" property="name"></result>
        </association>

<!--        发送额外SQL   ofType表示集合存储的对象类型 column额外SQL条件-->
        <collection property="roles" ofType="cn.domain.Role"
         select="cn.mapper.RoleMapper.findByEmpId"  column="id"/>


    </resultMap>

    <select id="findAll" resultMap="baseMap">
        select e.id, e.name, e.email,  e.password,  e.age,  e.admin , d.id d_id ,d.name d_name from employee e
        left join department d on d.id = e.dept_id
        <where>
            <if test="keyword!=null and keyword !=''">
                and ( e.name like concat('%',#{keyword},'%') or e.email like concat('%',#{keyword},'%') )
            </if>
            <if test="deptId!=-1">
                and e.dept_id = #{deptId}
            </if>
        </where>
    </select>

    <delete id="deleteById" >
        delete from  employee where id = #{id}
    </delete>

    <select id="seleteById" resultMap="baseMap">
<!--         select e.id, e.name, e.password, e.email, e.age, e.admin, d.id d_id,d.name d_name , d.sn d_sn-->
<!--            from employee e-->
<!--            left join department d on d.id = e.dept_id-->
<!--            where e.id=#{id}-->
        select * from employee where id=#{id}
    </select>

    <insert id="insert" keyProperty="id" useGeneratedKeys="true">
        insert  into employee (name,password,email,age,admin,dept_id) values(#{name},#{password},#{email},#{age},#{admin},#{dept.id})
    </insert>

    <update id="updateByPrimaryKey" parameterType="cn.domain.Employee">
        update employee set name=#{name},email=#{email},age=#{age},admin=#{admin},dept_id=#{dept.id}
        where id=#{id}
    </update>

    <delete id="deleteRelation">
        delete from  employee_role where employee_id = #{id}
    </delete>

    <insert id="insertRelation">
        insert  into employee_role (employee_id,role_id) values (#{empId},#{roleId})
    </insert>

    <select id="selectByNameAndPwd" resultType="cn.domain.Employee">
        select * from employee where name = #{username} and password = #{password}
    </select>

    <select id="listAll" resultType="cn.domain.Employee">
        select e.id,e.name
        from employee e
        left join employee_role er ON e.id=er.employee_id
        where er.role_id=#{id}

    </select>

    <select id="listAll2" resultType="cn.domain.Employee">
             SELECT e.id , e.name
     FROM employee e
     LEFT JOIN customer c ON e.`id`=c.`seller_id`
     WHERE c.`status`=3
    </select>

    <select id="listAll3" resultType="cn.domain.Employee">
             SELECT e.id , e.name
     FROM employee e
     LEFT JOIN customer c ON e.`id`=c.`seller_id`
     WHERE c.`status`=1
    </select>

    <select id="listAll0" resultType="cn.domain.Employee">
             SELECT e.id , e.name
     FROM employee e
     LEFT JOIN customer c ON e.`id`=c.`seller_id`
     WHERE c.`status`=#{sId}
    </select>

    <select id="listAll4" resultType="cn.domain.Employee">
             SELECT e.id , e.name
     FROM employee e
     LEFT JOIN customer c ON e.`id`=c.`seller_id`
     WHERE c.`status`= 4
    </select>

</mapper>