<?xml version="1.0" encoding="UTF-8" ?>
<!DOCTYPE mapper
        PUBLIC "-//mybatis.org//DTD Mapper 3.0//EN"
        "http://mybatis.org/dtd/mybatis-3-mapper.dtd">
<mapper namespace="cn.mapper.PermissionMapper">

    <select id="findAll" resultType="cn.domain.Permission">
        select id,name,expression from permission
    </select>

    <delete id="deleteAll">
        delete from  permission
    </delete>

    <insert id="insert" keyProperty="id" useGeneratedKeys="true">
        insert  into permission (name,expression) values(#{name},#{expression})
    </insert>

    <delete id="deleteById" >
        delete from  permission where id = #{id}
    </delete>

    <select id="findByEmpId" resultType="cn.domain.Permission">
        select * from  permission p
        join  role_permission rp on p.id = rp.permission_id
        where rp.role_id = #{id}
    </select>
<!--    distinct去重-->
    <select id="selectPermissionsByEmpId" resultType="cn.domain.Permission">
        select  distinct p.expression  from  permission p
        left join role_permission rp on rp.permission_id = p.id
        left join employee_role er on er.role_id = rp.role_id
        where er.employee_id = #{empId}
    </select>
</mapper>