<?xml version="1.0" encoding="UTF-8" ?>
<!DOCTYPE mapper
        PUBLIC "-//mybatis.org//DTD Mapper 3.0//EN"
        "http://mybatis.org/dtd/mybatis-3-mapper.dtd">
<mapper namespace="cn.mapper.RoleMapper">
    <resultMap id="baseMap" type="cn.domain.Role">
        <id column="id" property="id"/>
        <result column="name" property="name"/>
        <result column="sn" property="sn"/>
        <collection property="permissionList" ofType="cn.domain.Permission"
                    select="cn.mapper.PermissionMapper.findByEmpId"  column="id"/>
    </resultMap>
    <select id="findAll" resultType="cn.domain.Role">
        select id,name,sn from role
    </select>

    <delete id="deleteById" >
        delete from  role where id = #{id}
    </delete>

    <select id="seleteById" resultMap="baseMap">
        select * from role where id=#{id}
    </select>

    <insert id="insert" keyProperty="id" useGeneratedKeys="true">
        insert  into role (name,sn) values(#{name},#{sn})
    </insert>

    <update id="updateByPrimaryKey" parameterType="cn.domain.Role">
        update role set name=#{name},sn=#{sn} where id=#{id}
    </update>

    <select id="findByEmpId" resultType="cn.domain.Role">
        select * from  role r
        join  employee_role er on r.id = er.role_id
        where er.employee_id = #{id}
    </select>

    <delete id="deleteRelation">
        delete from role_permission where role_id=#{id}
    </delete>

    <delete id="insertRelation">
        insert into role_permission (role_id,permission_id) values (#{roleId},#{pId})
    </delete>

    <select id="findId" resultType="java.lang.Long">
        select id from role
        where name='市场专员'
    </select>
</mapper>
