<?xml version="1.0" encoding="UTF-8" ?>
<!DOCTYPE mapper
        PUBLIC "-//mybatis.org//DTD Mapper 3.0//EN"
        "http://mybatis.org/dtd/mybatis-3-mapper.dtd">
<mapper namespace="cn.mapper.TransferMapper">

    <resultMap id="baseMap" type="cn.domain.Transfer">
        <id column="id" property="id"></id>
        <result column="operate_time" property="operateTime"></result>
        <result column="reason" property="reason"></result>
        <association property="customer" javaType="cn.domain.Customer">
            <id column="customer_id" property="id"></id>
            <result column="customer_name" property="name"></result>
            <result column="customer_age" property="age"></result>
            <result column="customer_gender" property="gender"></result>
            <result column="customer_tel" property="tel"></result>
            <result column="customer_qq" property="qq"></result>
<!--            <result column="customer_job" property="job"></result>-->
<!--            <result column="customer_source" property="source"></result>-->
<!--            <result column="customer_seller" property="seller"></result>-->
<!--            <result column="customer_status" property="status"></result>-->
        </association>
        <association property="operator" javaType="cn.domain.Employee">
            <id column="operator_id" property="id"></id>
            <result column="operator_name" property="name"></result>
            <result column="operator_password" property="password"></result>
            <result column="operator_email" property="email"></result>
            <result column="operator_age" property="age"></result>
            <result column="operator_admin" property="admin"></result>
<!--            <result column="operator_dept" property="dept"></result>-->
<!--            <result column="operator_roles" property="roles"></result>-->
        </association>
        <association property="oldSeller" javaType="cn.domain.Employee">
            <id column="oldSeller_id" property="id"></id>
            <result column="oldSeller_name" property="name"></result>
            <result column="oldSeller_password" property="password"></result>
            <result column="oldSeller_email" property="email"></result>
            <result column="oldSeller_age" property="age"></result>
            <result column="oldSeller_admin" property="admin"></result>
<!--            <result column="oldSeller_dept" property="dept"></result>-->
<!--            <result column="oldSeller_roles" property="roles"></result>-->
        </association>
        <association property="newSeller" javaType="cn.domain.Employee">
            <id column="newSeller_id" property="id"></id>
            <result column="newSeller_name" property="name"></result>
            <result column="newSeller_password" property="password"></result>
            <result column="newSeller_email" property="email"></result>
            <result column="newSeller_age" property="age"></result>
            <result column="newSeller_admin" property="admin"></result>
<!--            <result column="newSeller_dept" property="dept"></result>-->
<!--            <result column="newSeller_roles" property="roles"></result>-->
        </association>
    </resultMap>


    <select id="findAll" resultMap="baseMap">
         select c.* , s1.name customer_name , s2.name operator_name , s3.name oldSeller_name , s4.name newSeller_name
        from customertransfer c
        left join customer s1 ON s1.id = c.customer_id
        left join employee s2 ON s2.id = c.operator_id
        left join employee s3 ON s3.id = c.oldSeller_id
        left join employee s4 ON s4.id = c.newSeller_id
    </select>
</mapper>