<?xml version="1.0" encoding="UTF-8"?>
<beans xmlns="http://www.springframework.org/schema/beans"
	xmlns:xsi="http://www.w3.org/2001/XMLSchema-instance"
	xmlns:context="http://www.springframework.org/schema/context"
	xmlns:aop="http://www.springframework.org/schema/aop"
	xmlns:tx="http://www.springframework.org/schema/tx"
	xsi:schemaLocation="http://www.springframework.org/schema/beans http://www.springframework.org/schema/beans/spring-beans.xsd
		http://www.springframework.org/schema/context http://www.springframework.org/schema/context/spring-context-4.3.xsd
		http://www.springframework.org/schema/aop http://www.springframework.org/schema/aop/spring-aop-4.3.xsd
		http://www.springframework.org/schema/tx http://www.springframework.org/schema/tx/spring-tx-4.3.xsd">


	<!-- -1:配置IoC注解 -->
	<context:component-scan base-package="cn"/>
<!--	<context:component-scan base-package="cn.wolfcode.rbac"/>-->

	<!-- 0:配置数据源 -->
	<context:property-placeholder location="classpath:db.properties" system-properties-mode="NEVER"/>
	<bean id="dataSource" class="com.alibaba.druid.pool.DruidDataSource"
		init-method="init" destroy-method="close">
		<!-- 配置数据库连接4要素 -->
		<property name="driverClassName" value="${jdbc.driverClassName}"></property>
		<property name="url" value="${jdbc.url}"></property>
		<property name="username" value="${jdbc.username}"></property>
		<property name="password" value="${jdbc.password}"></property>
	</bean>
	<!-- 1:配置SqlSessionFactory -->
	<bean id="sqlSessionFactory" class="org.mybatis.spring.SqlSessionFactoryBean">
		<!-- 1.1:数据连接池 -->
		<property name="dataSource" ref="dataSource"/>
		<!-- 1.2:MyBatis主配置文件 -->
		<property name="configLocation" value="classpath:mybatis.xml"></property>
	</bean>


	<!-- 2:配置Mapper接口代理对象 -->
	<bean class="org.mybatis.spring.mapper.MapperScannerConfigurer">
		<property name="basePackage" value="cn.mapper"/>

	</bean>


<!--	 3:配置事务管理 -->
<!--	 3w: what where when -->
<!--	 3.1:what 做什么增强 -->
<!--	<bean id="txManager" class="org.springframework.jdbc.datasource.DataSourceTransactionManager">-->
<!--		<property name="dataSource" ref="dataSource"/>-->
<!--	</bean>-->
	<!-- 3.2:where: 在哪个包哪个类哪个方法下做增强 -->
<!--	<aop:config>  -->
<!--		<aop:pointcut expression="execution( * cn.wolfcode.rbac.service.*Service.*(..))" id="pc"/>-->
<!--		<aop:advisor advice-ref="txAdvice" pointcut-ref="pc"/>-->
<!--	</aop:config>-->
<!--	-->
	<!-- 3.3:when ：在什么时候做增强 -->
<!--	<tx:advice id="txAdvice" transaction-manager="txManager">-->
<!--		<tx:attributes>-->
<!--			<tx:method name="get*" read-only="true"/>-->
<!--			<tx:method name="list*" read-only="true"/>-->
<!--			<tx:method name="select*" read-only="true"/>-->
<!--			<tx:method name="query*" read-only="true"/>-->
<!--			<tx:method name="check*" read-only="true"/>-->
<!--			<tx:method name="*" propagation="REQUIRED"/>-->
<!--		</tx:attributes>-->
<!--	</tx:advice>-->
<!--	-->
</beans>
