<?xml version="1.0" encoding="UTF-8"?>
<!DOCTYPE generatorConfiguration
        PUBLIC "-//mybatis.org//DTD MyBatis Generator Configuration 1.0//EN"
        "http://mybatis.org/dtd/mybatis-generator-config_1_0.dtd">
<!-- 配置生成器 -->
<generatorConfiguration>
    <context id="mysql" defaultModelType="hierarchical" targetRuntime="MyBatis3Simple">
        <property name="useActualColumnNames" value="true" />
        <!-- 自动识别数据库关键字，默认false，如果设置为true，根据SqlReservedWords中定义的关键字列表； 一般保留默认值，遇到数据库关键字（Java关键字），使用columnOverride覆盖 -->
        <property name="autoDelimitKeywords" value="false"/>
        <!-- 生成的Java文件的编码 -->
        <property name="javaFileEncoding" value="UTF-8"/>

        <!-- beginningDelimiter和endingDelimiter：指明数据库的用于标记数据库对象名的符号，比如ORACLE就是双引号，MYSQL默认是`反引号； -->
        <property name="beginningDelimiter" value="`"/>
        <property name="endingDelimiter" value="`"/>

        <!-- 注释生成器 -->
        <commentGenerator>
            <property name="suppressDate" value="true"/>
            <property name="suppressAllComments" value="true"/>
        </commentGenerator>

        <!-- 必须要有的，使用这个配置链接数据库 @TODO:是否可以扩展 -->
        <jdbcConnection driverClass="com.mysql.jdbc.Driver"
                        connectionURL="jdbc:mysql:///rbac" userId="root" password="admin">
            <!-- 这里面可以设置property属性，每一个property属性都设置到配置的Driver上 -->
        </jdbcConnection>

        <!-- java模型创建器，是必须要的元素 负责：1，key类（见context的defaultModelType）；2，java类；3，查询类
            targetPackage：生成的类要放的包，真实的包受enableSubPackages属性控制； targetProject：目标项目，指定一个存在的目录下，生成的内容会放到指定目录中，如果目录不存在，MBG不会自动建目录 -->
        <javaModelGenerator targetPackage="cn.wolfcode.rbac.domain" targetProject="src/main/java">
            <!-- for MyBatis3/MyBatis3Simple 自动为每一个生成的类创建一个构造方法，构造方法包含了所有的field；而不是使用setter； -->
            <property name="constructorBased" value="false"/>
            <!-- for MyBatis3 / MyBatis3Simple 是否创建一个不可变的类，如果为true， 那么MBG会创建一个没有setter方法的类，取而代之的是类似constructorBased的类 -->
            <property name="immutable" value="false"/>
        </javaModelGenerator>


        <!-- 生成SQL map的XML文件生成器， 注意，在Mybatis3之后，我们可以使用mapper.xml文件+Mapper接口（或者不用mapper接口），
            或者只使用Mapper接口+Annotation，所以，如果 javaClientGenerator配置中配置了需要生成XML的话，这个元素就必须配置
            targetPackage/targetProject:同javaModelGenerator -->
        <sqlMapGenerator targetPackage="cn.wolfcode.rbac.mapper"
                         targetProject="src/main/resources">
            <!-- 在targetPackage的基础上，根据数据库的schema再生成一层package，最终生成的类放在这个package下，默认为false -->
            <property name="enableSubPackages" value="true"/>
        </sqlMapGenerator>

        <!-- 对于mybatis来说，即生成Mapper接口，注意，如果没有配置该元素，那么默认不会生成Mapper接口 targetPackage/targetProject:同javaModelGenerator
            type：选择怎么生成mapper接口（在MyBatis3/MyBatis3Simple下）：
            1，ANNOTATEDMAPPER：会生成使用Mapper接口+Annotation的方式创建（SQL生成在annotation中），不会生成对应的XML；
            2，MIXEDMAPPER：使用混合配置，会生成Mapper接口，并适当添加合适的Annotation，但是XML会生成在XML中；
            3，XMLMAPPER：会生成Mapper接口，接口完全依赖XML；
            注意，如果context是MyBatis3Simple：只支持ANNOTATEDMAPPER和XMLMAPPER -->
        <javaClientGenerator targetPackage="cn.wolfcode.rbac.mapper"
                             type="XMLMAPPER" targetProject="src/main/java">
            <!-- 在targetPackage的基础上，根据数据库的schema再生成一层package，最终生成的类放在这个package下，默认为false -->
            <property name="enableSubPackages" value="true"/>

            <!-- 可以为所有生成的接口添加一个父接口，但是MBG只负责生成，不负责检查 <property name="rootInterface"
                value=""/> -->
        </javaClientGenerator>

        <table tableName="department" domainObjectName="Department">
            <property name="useActualColumnNames" value="true" />
            <!-- 参考 javaModelGenerator 的 constructorBased属性 -->
            <property name="constructorBased" value="false"/>
            <generatedKey column="id" sqlStatement="JDBC"/>
        </table>

        <table tableName="employee" domainObjectName="Employee">
            <property name="useActualColumnNames" value="true" />
            <!-- 参考 javaModelGenerator 的 constructorBased属性 -->
            <property name="constructorBased" value="false"/>
            <generatedKey column="id" sqlStatement="JDBC"/>
        </table>

        <table tableName="permission" domainObjectName="Permission">
            <property name="useActualColumnNames" value="true" />
            <!-- 参考 javaModelGenerator 的 constructorBased属性 -->
            <property name="constructorBased" value="false"/>
            <generatedKey column="id" sqlStatement="JDBC"/>
        </table>

        <table tableName="role" domainObjectName="Role">
            <property name="useActualColumnNames" value="true" />
            <!-- 参考 javaModelGenerator 的 constructorBased属性 -->
            <property name="constructorBased" value="false"/>
            <generatedKey column="id" sqlStatement="JDBC"/>
        </table>



    </context>
</generatorConfiguration>