<?xml version="1.0" encoding="UTF-8"?>
<beans xmlns="http://www.springframework.org/schema/beans"
       xmlns:xsi="http://www.w3.org/2001/XMLSchema-instance"
       xmlns:context="http://www.springframework.org/schema/context"
       xmlns:mvc="http://www.springframework.org/schema/mvc"
       xsi:schemaLocation="http://www.springframework.org/schema/beans
	http://www.springframework.org/schema/beans/spring-beans.xsd
		http://www.springframework.org/schema/context
		http://www.springframework.org/schema/context/spring-context.xsd
		http://www.springframework.org/schema/mvc
		http://www.springframework.org/schema/mvc/spring-mvc.xsd">

    <!--拦截器-->
    <mvc:default-servlet-handler/>

    <!-- 导入spring容器配置文件 -->
    <import resource="classpath:applicationContext.xml"/>

    <!-- mvc注解解析器 -->
    <mvc:annotation-driven/>



    <bean class="org.springframework.web.servlet.view.InternalResourceViewResolver">
        <property name="prefix" value="/WEB-INF/views/"/>
        <property name="suffix" value=".jsp"/>
    </bean>


    <!-- 配置拦截器-->
    <mvc:interceptors>
        <mvc:interceptor>
            <mvc:mapping path="/**"/>
            <mvc:exclude-mapping path="/emp/*"/>
            <mvc:exclude-mapping path="/**/*.css"/>
            <mvc:exclude-mapping path="/**/*.js"/>
            <mvc:exclude-mapping path="/**/common/*.jsp"/>
            <mvc:exclude-mapping path="/login.html"/>
            <bean class="cn.interceptor.CheckLoginInterceptor"></bean>
        </mvc:interceptor>
        <mvc:interceptor>
            <mvc:mapping path="/**"/>
            <mvc:exclude-mapping path="/emp/*"/>
            <mvc:exclude-mapping path="/**/*.css"/>
            <mvc:exclude-mapping path="/**/*.js"/>
            <mvc:exclude-mapping path="/**/common/*.jsp"/>
            <mvc:exclude-mapping path="/login.html"/>
            <bean class="cn.interceptor.SerurityInterceptor"></bean>
        </mvc:interceptor>
    </mvc:interceptors>



</beans>
