<?xml version="1.0" encoding="UTF-8" ?>
<!DOCTYPE configuration PUBLIC "-//mybatis.org//DTD Config 3.0//EN"
        "http://mybatis.org/dtd/mybatis-3-config.dtd">
<configuration>

    <!--配置懒加载的-->
    <settings>
        <!--开启延迟加载功能-->
        <setting name="lazyLoadingEnabled" value="true"/>
        <!--设置延迟加载的触发方法-->
        <setting name="lazyLoadTriggerMethods" value="clone"/>
        <!--设置不要积极的去查询关联对象-->
        <setting name="aggressiveLazyLoading" value="false"/>

    </settings>


    <!--配置PageHelper分页插件-->
    <plugins>
        <plugin interceptor="com.github.pagehelper.PageInterceptor">
            <!-- 使用下面的方式配置参数，后面会有所有的参数介绍 -->
            <property name="helperDialect" value="mysql"/>
            <!--默认值为 false，当该参数设置为 true 时，如果 pageSize=0就会查询出全部的结果
            通过测试，这个属性不添加， pageSize=0也是查询全部的结果-->
            <property name="pageSizeZero" value="true"/>
            <!--
            分页合理化参数，默认值为false。当该参数设置为 true 时，pageNum<=0 时会查询第一页，
            pageNum>pages（超过总数时），会查询最后一页。默认false 时，直接根据参数进行查询。
            -->
            <property name="reasonable" value="true"/>
        </plugin>
    </plugins>

</configuration>
